"taxon_name","Mean_CENF","Mean_CMIX","Mean_DESE","Mean_ENWD","Mean_GRAM","Mean_TEDE","Mean_TUND","Mean_WTSFS","Mean_XSHB","Stdev_CENF","Stdev_CMIX","Stdev_DESE","Stdev_ENWD","Stdev_GRAM","Stdev_TEDE","Stdev_TUND","Stdev_WTSFS","Stdev_XSHB"
"Abies",0.106497011392405,0.801147757161693,0.00147206029558971,0.515738568749648,0.0273610207531683,0.473395612097289,0,0.769887515916565,0.0389287784810127,0.658330876887254,2.41507235726366,0.0121389201719886,1.41056239250931,0.087449410743454,1.65964827193801,0,5.27843691361271,0.306421966392082
"Acanthaceae",0,0,0,0,0,0,0,0,0,0,0,0,0,0,0,0,0,0
"Acer",0.0189674746835443,0.274157256962025,0,0.0661385285666236,0.0137692745657013,0.517040856975583,0.000715615789473684,0.0175555607620278,0.00157245063291139,0.109178670566212,1.17067972306726,0,0.241728609796054,0.0789436464069041,2.15783686316829,0.00390998972741569,0.0795800814872424,0.0139762469369474
"Aconitum",0.00211676075949367,0.000744283544303797,0,0,0,0,0.0320959210526316,0,0,0.0188141811653244,0.00661533684338087,0,0,0,0,0.242318889994889,0,0
"Adonis",0,0,0,0,0.00224436663973427,0,0,0,0,0,0,0,0,0.0199483670376954,0,0,0,0
"Adoxaceae",0,0,0,0,0,0,0,0,0,0,0,0,0,0,0,0,0,0
"Aesculus",0,6.77215189873418e-05,0,0,0,0,0,0,0,0,0.000601922026995423,0,0,0,0,0,0,0
"Ailanthus",0,0.00107821392405063,0,0,0,0,0,0,0,0,0.00958337498041877,0,0,0,0,0,0,0
"Aizoaceae",0,0,0,0,0,0,0,0,0,0,0,0,0,0,0,0,0,0
"Alnus",5.3968111721519,5.05199373394779,3.6461539493619,3.76265150495836,0.591405677012487,3.81808122990009,1.57752214210526,0.86515606732324,0.00863826835443038,6.5346369665086,5.48489886970333,9.88908133904048,6.97516644840535,1.60116187580499,7.81990212924207,2.27631302211859,2.93909969608898,0.0594235153367185
"Alnus alnobetula",0,0.688485141772152,0,0,0,0.00244367341772152,0,0,0,0,1.47910988870231,0,0,0,0.0217198444291349,0,0,0
"Amaranthaceae",0.422174689873418,0.563033830370068,24.2538607081031,9.18639778463654,19.5398520215429,3.64189374214305,0.116107826315789,2.14055124799278,3.29898802153797,1.19935685546726,0.732207307225666,25.1576179421414,13.5537608278275,22.3199559863851,6.43157088690349,0.223942287724446,3.88870618192261,5.77661556746236
"Amaryllidaceae",0,0,0.00532821764705882,0,0,0,0,0.00763026455696203,0.00290993797468354,0,0,0.0439376083102071,0,0,0,0,0.0492035940187874,0.0258640944613169
"Anacardiaceae",0,0,0,0.00295063586202827,0,0,0,0,0,0,0,0,0.0262258251964108,0,0,0,0,0
"Andromeda",0.00416101012658228,0,0,0,0,0,0.00462964561403509,0,0,0.0310405305393944,0,0,0,0,0,0.0215028772182358,0,0
"Apiaceae",0.152910346835443,0.610900614306529,0.857119198089289,1.3188840335037,1.14823228121774,0.57140885249511,0.202654978947368,0.676182761211443,1.80235887699233,0.439540597937082,1.86060516040226,1.78720984223119,1.73309677803329,4.00225965845504,1.76092270211921,0.598990378020172,1.05177039034628,4.00645329872491
"Aquilegia",0,0,0,0.00876691654358592,0,0,0,0,0,0,0,0,0.0446871391640667,0,0,0,0,0
"Araceae",0,0,0,0,0,0,0,0,0,0,0,0,0,0,0,0,0,0
"Arbutus",0,0,0,0,0,0.0376885936708861,0,0.220541563291139,0.0172090708860759,0,0,0,0,0,0.186721375724657,0,1.26678533774314,0.152957567776808
"Arctostaphylos",0.0234975506329114,0.00131583164556962,0,0,0,0,0.0401128122807018,0,0,0.104660252359873,0.0085409854117802,0,0,0,0,0.153370758221172,0,0
"Argania",0,0,2.71093289705882,0,0.0186150405063291,0,0,0,2.86645416075949,0,0,11.7661974975447,0,0.165454099106458,0,0,0,10.3163915377879
"Aristolochiaceae",0,0,0,0,0,0,0,0,0,0,0,0,0,0,0,0,0,0
"Artemisia",0.777172816455696,0.833383985556977,27.8834198697548,2.70128715874054,14.9523511398733,1.95972495989386,0.186162071929825,0.865480298239674,12.8984541623869,1.77187631802104,1.33757657114368,25.2830573300732,5.71623071554932,17.503159310409,4.68995519356119,0.293175487473518,1.71809959780754,20.843331228676
"Asclepiadaceae",0,0,0.00357807352941176,0,0,0,0,0,0,0,0,0.0295055501959826,0,0,0,0,0,0
"Asparagaceae",0,0,0,0.00208881647658437,0,0,0.000356763157894737,0.0213775,0,0,0,0,0.018565806945974,0,0,0.00269350277470962,0.136791754611085,0
"Asphodelaceae",0,0,0,0,0.0217495323850537,0,0,0,0,0,0,0,0,0.193314072324059,0,0,0,0
"Asphodeliaceae",0,0,0,0,0,0,0,0,0,0,0,0,0,0,0,0,0,0
"Asteraceae",0.159905081012658,0.095209553294295,0,7.16201961228776,0,0.25412422265818,0.037110550877193,0.177286553164557,0.384325729113924,0.533809284584449,0.386952662119242,0,9.85312419120061,0,1.99647099326272,0.216907874055838,1.25799258667231,1.43465628854039
"Asteraceae (Liguliflorae)",0,0.0273805311581752,0.00821527518688941,1.76277912811494,0.55022834346746,0.275781997986058,0,1.16072446307363,0.442167793106605,0,0.192031639787458,0.0489701147517414,5.1769243467806,1.42091162390398,1.26117833271199,0,6.26954863370668,2.01460563340536
"Asteroideae",0.406227725316456,1.74476407837633,3.46883023623477,2.4337737824062,3.49019459732597,1.17149414810157,0.904086675438596,1.5002336872622,2.50680427756002,1.33704852077647,6.87445286815535,6.14686504279623,3.80435136197713,6.25826730405875,2.40969284531368,1.71620455170123,2.68430416281164,3.70134135245842
"Astragalus",0.0103317658227848,0.00124344050632911,0.00501907247540654,0,0.00955794973467688,0.00686799555962718,0.0201623350877193,0.012702198937715,0.0782595265822785,0.0861062391417806,0.0110519409666185,0.041388331917463,0,0.062464088758078,0.0448554569310994,0.109154441984682,0.0874020506984992,0.323218427896982
"Berberidaceae",0,0,0,0,0,0,0,0,0,0,0,0,0,0,0,0,0,0
"Berberis",0,0,0,0,0,0.00264816482177851,0,0.0472309096811901,0,0,0,0,0,0,0.0235374037850633,0,0.404059161568699,0
"Betula",29.6845412987342,10.1680736939929,0.405711566024985,0.715166865869564,1.31996758089701,2.49685785939095,24.863710377193,0.535452057375386,0.00448238860759494,12.8782635038114,12.7502296864632,2.50810159993167,1.5976790709927,4.3879212936667,4.97446931702056,15.1794879803586,2.72707333232461,0.0292406919654522
"Betula (Chamaebetula)",1.10005457341772,0,0,0,0,0,0.499506678947368,0,0,5.02885110464728,0,0,0,0,0,1.30263114777423,0,0
"Boraginaceae",0,0.0209713341772152,0.109152335294118,0.181399937402134,0.186330119017872,0.0167035834592231,0,0.260593347385694,0.028404619965187,0,0.0974589580219914,0.722278562968118,0.601574610834155,0.74218275755509,0.0922017032336308,0,0.645406549208342,0.0956099889577
"Brassicaceae",0.0257943924050633,0.472640945327001,1.14775458454053,0.688944511164462,0.904275397163044,0.396607812662875,0.309704150877193,0.848352058239429,3.04161120616881,0.0697937466942176,0.929438581654847,2.53583703444944,1.60958464973791,1.87474572691008,0.700864350677788,1.27057031211705,1.41626530476594,4.65666661154887
"Bruckenthalia",0,0,0,0,0,0,0,0,0,0,0,0,0,0,0,0,0,0
"Buxus",0,0.000349384810126582,0,0,0.0352440126582278,0.153961801014256,0,0.0164266517285025,0.0802483088607595,0,0.00310540011886196,0,0,0.313255636552661,0.821927139402529,0,0.0924556955035977,0.437455352433408
"Calluna",0.346927396202532,0.67592222278481,0,0,0.0114243933647123,2.67147240886076,0.351221605263158,0.286999773417722,0,1.15259512132185,2.08262598628137,0,0,0.101542229325453,8.38210603342693,0.892266663678483,1.61166395794518,0
"Campanulaceae",0.00424151265822785,0.11373051025632,0,0.00519888341709058,0.0189744361887493,0.0200548707138074,0.0679242701754386,0.076658373967972,0.00734965063291139,0.0376993891298342,0.498632354303032,0,0.0275918174587702,0.0942142350477486,0.0819721456787487,0.263008948863745,0.228143631190801,0.0293996132929167
"Capparaceae",0,0,0,0,0,0,0,0,0,0,0,0,0,0,0,0,0,0
"Caprifoliaceae",0.0060508,0.0184201924050633,0,0.229991917905471,0.0544961866055303,0.0285060277093999,0,0.0700352091309396,0.093292136137843,0.0531913574799516,0.109882618647964,0,0.461453078928444,0.240427151531174,0.104167271765537,0,0.216007910223863,0.613977386925822
"Carduoideae",0.0186642050632911,0.166403937437392,1.31791996718029,0.448341043425715,1.45884783027545,0.180204212487858,0.0642497649122807,0.145133785850675,0.836662992376901,0.114709360917472,0.411860672535741,4.679267766985,1.11030036464702,6.35688180898999,0.764799652163899,0.194201723207222,0.418811856117234,2.33301130762505
"Carpinus betulus",0.00609548860759494,0.698116280049705,2.74692786851523,0.76772083646682,0.564380638094574,4.21380945051636,0.0091947701754386,0.0855837314399808,0,0.0328758553879981,1.26180711270229,6.89780343824023,1.98354187518312,2.25291157597165,9.46121213084372,0.0502367089922654,0.399155695231999,0
"Carpinus orientalis/Ostrya",0,0.118107751159523,0.0422118679412303,0.567437805136861,0.208184922755852,0.518862930671363,0,0.894341859967014,0,0,0.659643611924658,0.147528650732856,2.91201653714249,0.507310975607586,1.22369179501082,0,3.1975693181101,0
"Caryophyllaceae",0.0949057873417722,0.894382670430239,1.23775380708438,2.07379970373955,0.467584497499563,0.465355035317471,0.743111871929825,0.53039100463054,1.90014261895065,0.248197501317718,4.59661136330043,6.6473916497858,2.94797099573857,1.12402526703028,1.26638220481335,1.85681491621822,1.11544583365523,6.01951969787667
"Cassiope",0,0,0,0,0,0,0,0,0,0,0,0,0,0,0,0,0,0
"Castanea",0,0.293734696367235,0.00507099411764706,0.199968159145586,0.00716284957142735,1.28640394974808,0,0.391707109683126,0.235992462025316,0,0.660506840937101,0.0418164887478893,0.502414944665371,0.0387743769945795,3.99021026852677,0,1.13209005954312,1.4418299035302
"Cedrus",0,0.00235941392405063,0.489273633833834,0.0404711427880072,0.570549279888383,0.0273777846698767,0,0.117487603846938,4.94398294177215,0,0.0192284345465033,1.24979835194483,0.204009700184417,2.53928886060123,0.160347888522157,0,0.501186178053479,10.746321159104
"Celastraceae",0.0525745949367089,0.0177161960618847,0.00456704420898794,0.00337552742616034,0,0.00996710886075949,0.368424815789474,0,0,0.410842566030181,0.156251416813188,0.0376608113410455,0.030002344024694,0,0.0885896013329793,1.83748139463524,0,0
"Celtis",0,0,0,0,0.00186150409530901,0.00693870123550367,0,0,0,0,0,0,0,0.0165454103077357,0.0435179337853228,0,0,0
"Ceratonia",0,0,0.00585978235294118,0,0,0,0,0,0.00781909113924051,0,0,0.0345060681988266,0,0,0,0,0,0.051519654607068
"Cercis",0,0,0,0,0,0,0,0.0240781507980187,0,0,0,0,0,0,0,0,0.214011285502233,0
"Chamaedaphne",0,0,0,0,0,0,0,0,0,0,0,0,0,0,0,0,0,0
"Chamaerops",0,0,0.0352941176470588,0,0.0291844392405063,0,0,0,0,0,0,0.2910427500436,0,0.21763556089315,0,0,0,0
"Chimaphila",0,0,0,0,0,0,0,0,0,0,0,0,0,0,0,0,0,0
"Cichorioideae",0.121052806329114,0.816511917184227,2.10463419367597,0.187514851566429,1.40561405179811,0.412140259816747,0.676656350877193,2.77166053797468,3.46703373797468,0.29718604084679,1.82571616817843,4.28804327079208,0.837083268880221,2.80825698367835,1.03439420621985,1.0492611915597,8.27122935669958,8.08042268410451
"Cistaceae",0,0,0.0913100882352941,0.0373075656722783,0.161366191394257,0,0,0.0409024189873418,0.154964014194961,0,0,0.466509873364594,0.149882684352871,1.00534115114222,0,0,0.210388190620414,0.620488660014416
"Cistus",0,0,0.0229886132352941,0,0.0332299686918697,0.0379787345693913,0,1.57905859113924,0.291563083544304,0,0,0.146065178147222,0,0.138482914211398,0.16085884148144,0,5.34959577172599,1.87704010354835
"Clematis",0,0.00121713670886076,0,0,0,0,0,0,0,0,0.0108181477008061,0,0,0,0,0,0,0
"Clethra",0,0,0,0,0,0,0,0,0,0,0,0,0,0,0,0,0,0
"Clusiaceae",0,0,0,0,0,0,0,0,0,0,0,0,0,0,0,0,0,0
"Colchicaceae",0,0,0,0,0,0.00731689493670886,0,0,0,0,0,0,0,0,0.0650339847285404,0,0,0
"Colutea",0,0,0,0,0,0,0,0,0,0,0,0,0,0,0,0,0,0
"Convolvulaceae",0,0.00261153797468354,0.0759772796075085,0.0541421425594685,0.0275262874471456,0.00126077211879236,0,0.0398692911079547,0.0383249108110455,0,0.0136331031197098,0.339821334891917,0.192880725802691,0.12577031486026,0.0112059877077574,0,0.162816153387166,0.10587858488001
"Coriaria",0,0,0,0,0,0,0,0,0,0,0,0,0,0,0,0,0,0
"Cornus",0.0121545860759494,0.00512478860759494,0,0.00657570277823442,0.010263427984947,0.0106572062954914,0.0325720438596491,0,0,0.0530604414579834,0.0455501174919479,0,0.0584461247234298,0.0912233433183263,0.0491082262145668,0.135760511149842,0,0
"Corylus",0.467528305063291,1.50710616089947,0.14871742460785,1.38279640384169,0.233334856704942,3.18069270917419,0.259003545614035,0.800705080216725,0.0284785824108019,0.783013001957178,1.90407531352618,0.415926748392138,2.2647857002655,0.577560237760582,4.21618334950809,0.52086213356087,2.77121128315475,0.102456907622635
"Cotinus",0,0,0,0,0,0,0,0,0,0,0,0,0,0,0,0,0,0
"Cotoneaster",0,0,0,0,0,0,0,0,0,0,0,0,0,0,0,0,0,0
"Crassulaceae",0,0.0856162708860759,0.192697769117647,0.00468140826950618,0.0434257986673883,0.0302932784810127,0.152578526315789,0.024468790413778,0.0358824291139241,0,0.441261034997958,1.58902651178589,0.0320069805678619,0.264854269901546,0.113994840617781,0.746563930977519,0.0891494265179664,0.173411448087934
"Crataegus",0,0,0,0.023562425269277,0,0.0071058301779401,0,0.121977704261296,0.0220890708860759,0,0,0,0.146338732456983,0,0.0477889923267231,0,0.632825627768742,0.172090651051887
"Cucurbitaceae",0,0,0,0,0,0,0,0,0,0,0,0,0,0,0,0,0,0
"Cupressaceae",1.32044748481013,0.912413725617309,1.07119042352946,1.52636971783301,0.406592105514196,1.51943814889793,2.27285822280702,2.45487405726475,8.60020054730956,1.88348532123763,2.28211573667764,3.57840985646812,3.86541511963879,0.871288006728836,3.35565847944666,3.0752007553292,4.47068716397542,17.1341356233215
"Cynomorium",0,0,0,0,0.0204531506329114,0,0,0,0.0267316607594937,0,0,0,0,0.181791579271958,0,0,0,0.237596197928106
"Cyperaceae",3.06356149873418,4.66075064386589,0.53858150899656,1.88360170246712,2.67500375032054,3.36700711803686,7.03212224210526,1.86047028961193,0.377361787354871,5.33188847510081,10.5354495661614,1.45726124985766,5.83225350045758,6.51218353944966,7.34971666887603,5.9624750243351,4.27094295147608,1.44138477612124
"Cytinaceae",0,0,0,0,0,0,0,0.00858080632911392,0,0,0,0,0,0,0,0,0.0576455582881624,0
"Daphne",0,0,0,0.00400576830636116,0,0.00172926582278481,0,0.249965278481013,0,0,0,0,0.035604047497659,0,0.0153700508321306,0,1.36231166001647,0
"Datisca",0,0,0,0,0,0,0,0,0,0,0,0,0,0,0,0,0,0
"Delphinium",0,0,0,0.000885810206305198,0,0,0,0,0,0,0,0,0.00787325333048303,0,0,0,0,0
"Dennstaedtiaceae",0.0369577949367089,0.0519201873417722,0,0.0130338351177621,0,0.327532207027732,0.0801844894736842,1.42365045063291,0,0.130747729049083,0.170309038760971,0,0.0602062536549492,0,1.45280995312577,0.160918980271881,5.16315502019201,0
"Diapensia",0,0,0,0,0,0,0.164152394736842,0,0,0,0,0,0,0,0,1.04117773110004,0,0
"Dryas",0.00180659746835443,0,0,0,0,0,0.111582068421053,0,0,0.013220226625409,0,0,0,0,0,0.344110957583853,0,0
"Elaeagnus",0,0,0,0,0.0304493453390752,0.00432021428262842,0,0,0,0,0,0,0,0.270639701253683,0.038398904468465,0,0,0
"Empetrum",0.242890060759494,0.0087170670886076,0,0,0,0.0783212265822785,1.08809379122807,0,0,0.743074644836795,0.0453471098221907,0,0,0,0.67333157513029,2.20689856118894,0,0
"Ephedra",0,0.00460056202531646,2.41884223625931,0.136207000109064,0.247884729760037,0.0631442591302365,0,0.123644760297473,0.372161516861014,0,0.0310382430643739,7.29424456558554,0.418945233872262,0.607341660174066,0.216533884586321,0,0.854060376098799,0.906744047426534
"Equisetum",0.161169937974684,0.189476435565359,0,0.140184554548235,0.0780873874391015,0.0546952937510014,0.27915720877193,0.0284127037974684,0.00314490126582279,0.368301629888788,0.974560588830014,0,0.970634763606895,0.470907993400912,0.301122394581601,0.43586628493058,0.157702846542991,0.0279524938738948
"Erica",0,0,0.00173623235294118,0,0.00615972151898734,1.65734440253165,0,1.45687545316456,0.211987287341772,0,0,0.0143173387635823,0,0.054748802417282,7.04919166211342,0,7.22363347853574,0.979443663710288
"Ericaceae",0.85696345443038,1.11086613797468,0.0101252816257333,0.247590225282235,0.00126582278481013,1.54900056983816,2.24816999122807,0.145852404840016,0.0342114265822785,2.21900256892271,8.11971367283857,0.0586000120455894,1.23080736259675,0.0112508790092602,8.02769077177918,2.17886094300596,0.49537320497675,0.30407781075701
"Euonymus",0,0.00121713670886076,0,0,0.00448873327946853,0,0,0,0,0,0.0108181477008061,0,0,0.0398967340753909,0,0,0,0
"Euphorbiaceae",0,6.77215189873418e-05,0.302252195739399,0.151804797224887,0.129087950554823,0.0176208809080221,0,0.0101696797468354,0.0317683202531646,0,0.000601922026995423,2.19402901189481,0.829976004060057,0.575597849295621,0.0667327803725728,0,0.0407410075492909,0.120069762205353
"Fabaceae",0.0152629721518987,0.0727343242850342,1.9108615733895,0.640398349554284,1.02387977391103,0.197919586643626,0.0163610526315789,0.304083639240506,2.71573674972377,0.107603770726087,0.207184762976689,3.77527196349644,1.04633700164198,2.43272538362702,0.423825716533114,0.0508359127391015,0.494318987584841,3.95456306697834
"Fabaceae (herbs)",0.0113278392405063,0.15811496835443,0.031865050416583,0.243515634075637,0.0899670797286447,0.0228311706550857,0.0196068122807018,0.0246084745021535,0.337407555696203,0.0395916030407233,0.544352924238125,0.192688839478572,0.851227537088369,0.348190876466109,0.0680400104699515,0.103820852236117,0.100004451516741,1.06673585822759
"Fagus",0.000835788607594937,4.04601712989931,0.0436422029375759,0.712136121627959,0.258717298465413,5.12106650431064,0.00254258771929825,0.643803873628889,0,0.00686109018040038,10.5658942857102,0.146924696622391,2.24969205737969,0.879937715208973,10.0619577705214,0.0191961163178544,1.78202121797738,0
"Ficus",0,0,0,0,0,0,0,0,0,0,0,0,0,0,0,0,0,0
"Flueggea",0,0,0,0,0,0,0,0,0,0,0,0,0,0,0,0,0,0
"Frangula",0.00868043924050633,0.015240446835443,0,0,0,0.0153602329113924,0,0.0096915835443038,0,0.0726407516556834,0.0565973098104332,0,0,0,0.116567481869615,0,0.0605223854324811,0
"Fraxinus",0.0456075696202532,0.821882391867772,0.00588235882353529,0.0577334447384937,0.0959707211284126,0.466892600554379,0.00282114385964912,1.04744365149197,0.0656897430379747,0.109283323498279,4.61078354386618,0.0340428382715467,0.271014513446435,0.290333400130207,1.03148272472358,0.0182921886436242,3.57400913095541,0.246151951772795
"Genisteae",0,0.00084219746835443,0.102590922058824,0.00494462025316456,0.0182421098204085,0.0212281810126582,0,0.982633527848101,0.220748972151899,0,0.00748561483650517,0.427576835046781,0.0439487461299228,0.117580057866159,0.0903251674363442,0,2.70197558826962,0.710270337208508
"Gentianaceae",0,0.0469263463666198,0,0.000814033945215515,0.00396575135025327,0.0199989061524209,0.00507162631578947,0.00478571898734177,0,0,0.166310634782021,0,0.00723529196736993,0.0253433673919937,0.0789170501892259,0.0269966662749279,0.0425364007861324,0
"Geraniaceae",0.0403814227848101,0.00808491772151899,0.0172685523037543,0.0732914395923367,0.00629762579507525,0.0111616292996646,0.0583564315789474,0.0382429417721519,0.0416203772151899,0.193027331588085,0.0500243903386568,0.0923739299846499,0.161629677220385,0.0559745224341305,0.0502171958964341,0.196003488442283,0.153999434604053,0.288390002640889
"Halimium",0,0,0,0,0,0,0,0.0335146556962025,0,0,0,0,0,0,0,0,0.297884775657241,0
"Hedera",0,0.00376045949367089,0,0,0,0.0821256362644404,0,0.0171678341772152,0.00426202911392405,0,0.0173410173155391,0,0,0,0.320924684221605,0,0.108398983678231,0.0378817433768163
"Helianthemum",0,0.0347131278481013,0.109642680882353,0.0071522596360583,0.0552765286650507,0.0130423288574203,0.000178382456140351,0.206917945954871,0.406736863291139,0,0.140886239125531,0.723094647024329,0.0561511060077816,0.214371953791673,0.0632356900375371,0.0013467580100166,0.446632717666147,1.37231336497875
"Helleborus",0,0,0,0.00549163897965348,0,0,0,0,0,0,0,0,0.0488107549208687,0,0,0,0,0
"Hippophae",0.00170826329113924,0.0287717860759494,0.00588235294117647,0.0089178997711064,0.0126555091565531,0.011536490535193,0,0.000616872702149185,0,0.015183376247609,0.160411171837535,0.0485071250072666,0.0474966874112655,0.0845322300247504,0.0605692068664605,0,0.00548288450743677,0
"Huperzia",0.00958960379746835,0.00686545696202532,0,0.0090265629232636,0,0,0.248937389473684,0,0,0.0379222181412787,0.03221171785836,0,0.0486053117453162,0,0,0.780070629062383,0,0
"Hymenophyllaceae",0,0,0,0,0,0.0255487164556962,0,0,0,0,0,0,0,0,0.227081958971098,0,0,0
"Hypericaceae",0.00474823670886076,0.010169950476637,0,0.00337402918939773,0.00496857716225919,0.00526170355635925,0.000178382456140351,0.00114970280182573,0,0.0292849738026403,0.0355576077401729,0,0.0222416227909042,0.0310409068435286,0.0429882499308648,0.0013467580100166,0.0102187820247595,0
"Ilex",0,0.000202986075949367,0,0.0290902205475012,0,0.791664889681434,0,0.0275044240506329,0,0,0.00180417970704596,0,0.202190235588169,0,4.12296706438391,0,0.175825729023908,0
"Impatiens",0,0.00894927848101266,0,0,0,0,0,0,0,0,0.0661049518994076,0,0,0,0,0,0,0
"Iridaceae",0,6.77215189873418e-05,0.00510620915032679,0.00642549636959456,0,0.000439521518987342,0,0.00206160632911392,0,0,0.000601922026995423,0.0421068793465856,0.0571110609607119,0,0.00390655271135336,0,0.0129790876631123,0
"Jasminum",0,0,0,0,0,0.00687324589037172,0,0.0295392987341772,0,0,0,0,0,0,0.0610907457516393,0,0.184800983483694,0
"Juglandaceae",0,0,0,0,0,0,0,0,0,0,0,0,0,0,0,0,0,0
"Juglans",0,0.237030783865281,0.286979088777244,0.286044939560271,0.361993854569822,0.534893102049357,0,0.335269448728294,0.322718683544304,0,1.60507663847151,1.28547484981041,0.667268610831115,1.39857068982003,1.45650653326943,0,1.14655624077922,2.27052534264882
"Juncaceae",0.0262081063291139,0.0118707569620253,0,0.0551991985768996,0.0498355427090601,0.00333111265822785,0.0132386,0.0272219949367089,0,0.104911084329931,0.0478459891250862,0,0.444897970688057,0.442947992490561,0.02960757693231,0.050482572988214,0.241954383424649,0
"Kalmia",0.000988564556962025,0.000135324050632911,0,0,0,0,0.0228328824561403,0,0,0.00682329284275257,0.00120278647136398,0,0,0,0,0.172384482223858,0,0
"Koenigia",0,0,0,0,0,0,0.000214210526315789,0,0,0,0,0,0,0,0,0.00161725400797642,0,0
"Laburnum",0,0,0,0,0,0,0,0,0,0,0,0,0,0,0,0,0,0
"Lamiaceae",0.0281441443037975,0.0658246183287407,0.297783571421401,0.486135188543461,0.531393646664948,0.144726619027435,0.108411184210526,0.660396976161614,0.585195889221071,0.110118975826082,0.159762719417222,1.18059475305846,1.1126018694956,1.00992806682338,0.390438258018251,0.462646191670015,1.24138322246775,1.47994472907976
"Larix",0.0323309278481013,0.706384739240506,0,0,0,0.0218711898734177,0,0,0,0.152825393188518,3.35476981202272,0,0,0,0.134979254371515,0,0,0
"Lavandula",0,0,0,0,0,0,0,0.250221256962025,0,0,0,0,0,0,0,0,0.884215387727767,0
"Ledum",0.054700846835443,0,0,0,0,0,0.0019622,0,0,0.367274603081333,0,0,0,0,0,0.0148142851288883,0,0
"Ligustrum",0,0.00278348860759494,0.00507099411764706,0.0254878789609304,0.00689821681095437,0.00320461464508892,0,0.0238834493670886,0.0313761544303797,0,0.0235527079546857,0.0418164887478893,0.155141372072957,0.0613126921485572,0.0284832379981272,0,0.212280741330796,0.174643762697883
"Liliaceae",0,0.0152289784810127,0.150259041607451,0.265836640705019,0.145619279758482,0.0608337837776461,0,0.288906501265823,0.36739566098551,0,0.0741522671046693,0.399833136443804,0.797290213974749,0.359171018069695,0.206048994125985,0,0.567473563274756,1.12615499147328
"Linaceae",0,0,0,0,0,0,0,0.00218622278481013,0,0,0,0,0,0,0,0,0.0194315731509575,0
"Linnaea",0.0388585594936709,0,0,0,0,0,0.0137681298245614,0,0,0.218168733748845,0,0,0,0,0,0.050929526927419,0,0
"Linum",0,0,0.00173623235294118,0,0,0.00057216582278481,0,0,0.00430763164556962,0,0,0.0143173387635823,0,0,0.00508552107185473,0,0,0.0270217172035922
"Lonicera",0,0.00137142278481013,0,0.00749007564976406,0,0.0149113037974684,0,0.0138580949367089,0,0,0.0121894723397288,0,0.0665732485755044,0,0.0885773373468059,0,0.0639864056833266,0
"Loranthaceae",0,0,0,0.0029714149878172,0,0,0,0,0,0,0,0,0.0264105141062447,0,0,0,0,0
"Lycopodiella",0,0.00110939746835443,0,0,0,0,0,0,0,0,0.0098605403848119,0,0,0,0,0,0,0
"Lycopodium",0.413423818987342,0.642065460759494,0.00585978235294118,0.135588269768052,0,0.0541062035028066,0.736862703508772,0.0113552101265823,0.0278475556962025,0.993145805722817,5.10316266058427,0.0345060681988266,0.876294322837221,0,0.248141626703895,0.685243089585145,0.0900549805839766,0.153980494400824
"Lysimachia",0.00196614936708861,0.0540477316455696,0,0.00289661964487443,0.00594282997563439,0.000879043037974684,0,0,0,0.0164043981244077,0.364867097554567,0,0.0257457185566596,0.0528210282124893,0.00781310542270672,0,0,0
"Lythraceae",0.00212311898734177,0,0,0.00569823761650861,0.03629909526879,0,0,0,0,0.0183250496709165,0,0,0.0506470437715895,0.226356454775432,0,0,0,0
"Magnoliaceae",0,0,0,0,0,0,0,0,0,0,0,0,0,0,0,0,0,0
"Malus",0,0,0,0,0,0,0,0,0,0,0,0,0,0,0,0,0,0
"Malvaceae",0,0,0.00501907247540654,0.0368099668084909,0.0047293417721519,0.00486693258641291,0,0.0148971772151899,0.00211676075949367,0,0,0.041388331917463,0.170853864925643,0.035478825250887,0.032443583949346,0,0.0638622165699939,0.0188141811653244
"Melanthiaceae",0,0.00358609240506329,0,0,0,0,0,0,0,0,0.0318738864946614,0,0,0,0,0,0,0
"Mercurialis",0,0.0122970229145482,0.158263436764706,0.00138644335685666,0.0163240303797468,0.0219948930718526,0,0.0131587012658228,0.0847489075949367,0,0.0697234292251447,0.81993009657436,0.0123229781043376,0.121060225855242,0.0837634674633863,0,0.0770823026889732,0.243239847266302
"Moltkia",0,0,0,0.00631333059755675,0,0,0,0,0,0,0,0,0.0561141097718716,0,0,0,0,0
"Montiaceae",0.00170826329113924,0.00230149620253165,0,0,0,0,0.000208482456140351,0,0,0.015183376247609,0.0204561456988148,0,0,0,0,0.00157400802651824,0,0
"Moraceae",0,0,0,0,0,0.00488734683544304,0,0,0,0,0,0,0,0,0.0434396888582698,0,0,0
"Myrica",0.0938388455696202,0.233997702531646,0,0,0,0.0127211746835443,0.00723955614035088,0,0,0.637466419532451,1.12153287798236,0,0,0,0.0655546037656854,0.0546574502444968,0,0
"Myricaria",0,0,0,0,0,0,0,0,0,0,0,0,0,0,0,0,0,0
"Myrtaceae",0,0,0.0200123985294118,0,0,0.0248301179309946,0,0.00632211772151899,0.0796911835443038,0,0,0.085658673712842,0,0,0.0993092980728884,0,0.0460364302269514,0.188298807199769
"Nartheciaceae",0,0.00505297341772152,0,0,0,0.0247189708860759,0.00482637192982456,0,0,0,0.031568673803637,0,0,0,0.167895551508225,0.0364383089932136,0,0
"Nerium",0,0,0,0,0.0108865067770821,0,0,0,0.0235150138264518,0,0,0,0,0.0683433869140168,0,0,0,0.187287549638905
"Nigella",0,0,0,0,0,0,0,0,0,0,0,0,0,0,0,0,0,0
"Nitrariaceae",0,0,0,0,0,0,0,0,0,0,0,0,0,0,0,0,0,0
"Olea",0,0.0678436797468354,2.5682546933448,0.657801109696039,2.65209559654133,0.515790214435829,0,3.65646130794947,6.73684275040625,0,0.35031001356886,4.11468607839045,1.77511674120732,8.06223157568611,1.1461311625115,0,7.45642813851165,9.2210208964987
"Oleaceae",0,0.0344740556962025,0.0329567880953861,0.00472163682694194,0,0,0,0.149878335042729,0.0640578037974684,0,0.16946359175154,0.169226189145693,0.0348923640506555,0,0,0,1.27391886384796,0.319562817032301
"Onagraceae",0.037997764556962,0.00556629746835443,0,0.0425879187438721,0,0.0110071546505228,0.0651185,0,0,0.251129993192994,0.0345404265016018,0,0.165784323682727,0,0.0978337305153064,0.329169380417562,0,0
"Ononis",0,0,0,0,0,0,0,0.00102578831832263,0,0,0,0,0,0,0,0,0.00911740600426275,0
"Ophioglossaceae",0.00879043544303797,0.127413149367089,0,0.497544244343818,0.00160230732254447,0.0666121595933666,0.0205422754385965,0,0,0.0781310992305832,0.784522672691823,0,1.83504272636896,0.0142416189990636,0.525134157588755,0.0737616720365091,0,0
"Orchidaceae",6.58227848101266e-05,0,0,0,0,0,0,0,0,0.000585045708481532,0,0,0,0,0,0,0,0
"Orobanchaceae",0.152323882278481,0.230591158227848,0,0.0125797800273098,0,0.0170737696202532,0.235530621052632,0.0305027479902287,0,0.738770196299533,1.33763049460332,0,0.0785548041503761,0,0.128545315182908,0.779987784173853,0.107924965664613,0
"Osmundaceae",0,0.00220526582278481,0,0,0,0.00495974050632911,0,0,0,0,0.0196008313747728,0,0,0,0.0310348494012635,0,0,0
"Oxalidaceae",0.0287671886075949,0,0,0,0,0,0,0,0,0.129030656938737,0,0,0,0,0,0,0,0
"Oxyria/Rumex",0.50227252278481,1.78126479036079,0.212642715136862,0.109551764749054,0.365715385947964,0.797336987603112,2.40398507719298,0.541596684070571,1.53434878607595,0.648869335981331,3.49302654265928,0.857954751224748,0.408942316662122,1.10302737151136,3.43924668875394,5.17061542962985,0.86978566136951,4.8044398422628
"Paeonia",0,0,0,0,0,0,0,0,0,0,0,0,0,0,0,0,0,0
"Paliurus",0,0,0,0.000885810206305198,1.08346452205751,0.015888988930671,0,0.00176657550397491,0,0,0,0,0.00787325333048303,9.6300433163111,0.141224422710379,0,0.0115346826097707,0
"Papaveraceae",0,0.00348271104635278,0.00872752647058823,0.0316785746879211,0.266693930533553,0.00401339846178497,0,0.333730417991699,0.0602938949367089,0,0.0303513421104196,0.0719690269772188,0.15058171228096,1.08822632624037,0.0255783797882201,0,1.1027490749989,0.398827050857197
"Parrotia",0,0,0,0,0.06066119408133,0.164927444928476,0,0,0,0,0,0,0,0.420915080796779,0.87886897226542,0,0,0
"Periploca",0,0,0,0,0,0,0,0,0,0,0,0,0,0,0,0,0,0
"Phillyrea",0,0.00410981392405063,0.0257062297503474,0.0311451211998035,0.137680369617724,0.0233481208165056,0,0.601618958339402,0.638379913924051,0,0.0365288251759527,0.115701019571777,0.142128037562483,0.811766040766156,0.0971958678663334,0,1.4837894584852,1.41304544086136
"Phyllanthaceae",0,0,0,0.0104440823829218,0,0,0,0,0,0,0,0,0.0928290347298699,0,0,0,0,0
"Picea",6.94823030759494,4.2920999264622,0,3.1598178723374,0.0879712759603284,0.830596905061326,1.08172575964912,0.0282744921145264,0,7.81906498037984,6.95947533640226,0,6.55556456904476,0.357948424530037,2.1890177092786,2.01805041401703,0.176531340012565,0
"Picea orientalis",0,0,0,0.0153704891256103,0.0229391218946396,0.010592659287114,0,0,0,0,0,0,0.099478259251523,0.144597641175264,0.094149615140253,0,0,0
"Pinus",0,0,0.63543541793719,16.1376024582718,1.72336251623342,4.55753715085294,0,2.35702357875835,0.0369161776188459,0,0,2.73914257875664,21.1966559300384,8.14323995988897,14.1812289551552,0,11.830055350196,0.137275242648112
"Pinus (diploxylon)",34.2183665607595,25.1117324238759,4.25028302586223,4.47946519077874,8.5598795197977,8.93244930190693,19.0812472929825,20.1847532478812,3.93230597341772,17.818131754973,19.3690881441752,6.11293092330651,13.7158383242948,15.2298642718536,14.6026541380463,14.6017999282984,25.3903585476632,8.20768448080044
"Pinus (haploxylon)",0.173527187341772,1.87484577362088,0.0186543962193757,0.078908433338813,0.0581594252480328,1.55695107883781,0,0.983592555696203,0,1.05695210079942,7.6050923584168,0.153828091989218,0.701353496681157,0.516932278803848,8.57221085560173,0,7.28358253322979,0
"Pistacia",0,0,0.137208958779576,0.0647713676807044,0.287366617648753,0.265335277578053,0,1.34294817916858,1.39155880858817,0,0,0.775561425828063,0.222025820958547,1.13328032524298,0.759361680058179,0,6.04286888955007,6.38614297368874
"Plantaginaceae",0.0943277392405063,1.03632263223443,0.456643611782316,3.33287929262914,0.842872407662243,1.21328563723807,0.0648618263157895,1.05328506727305,2.08736465794369,0.260229798580391,2.53179365873325,1.17881607167484,9.29621323412672,2.55400948123874,2.07963342569005,0.178164979434339,1.83730995025848,2.9123054907444
"Platanus",0,0.00626626282231599,0.0176441470913121,0.020679177698046,0.0500421419578292,0.530823106739735,0,0.464551475711101,0.00126582278481013,0,0.052166067109659,0.0808713864383499,0.0896475514622635,0.186088737982288,3.18177527297129,0,1.69495378851658,0.0112508790092602
"Plumbaginaceae",0.00247714810126582,0.00270474936708861,0.0156137484808447,0.19142737531765,0.0150843396782327,0,0.00336895789473684,0.0349475417721519,0.0408285962025316,0.0220173739245348,0.0240403382247948,0.0648155416606363,1.33011259757873,0.0748328838803471,0,0.014889820727885,0.250261267850964,0.248206987353893
"Poaceae",4.70276406962025,12.050505985102,7.92701353020325,4.02010024516693,20.0455338231651,16.2524832121417,9.94616153333333,11.2177571560087,8.50846908316294,6.0511744059088,11.6061292728644,8.9741182247956,5.88028512531209,19.5367032469751,15.7597942751886,7.53050472154133,9.92126943439336,9.34726226874711
"Polemoniaceae",0,0,0,0,0.00395569620253165,0,0,0,0,0,0,0,0,0.0351589969039382,0,0,0,0
"Polygalaceae",0,0,0.00899442352941176,0,0.0162390873417722,0,0,0.000616872702149185,0.00171520759493671,0,0,0.074169916506611,0,0.113533877541635,0,0,0.00548288450743677,0.0152450985698538
"Polygonaceae",0.108960810126582,0.0835249873417721,0.162627216806392,0.447371701020889,0.255711341888725,0.0699414745035857,0.0308817210526316,0.00685960886075949,0,0.57011452629482,0.589924472617122,1.10376594879133,1.9077739702141,0.911981473221765,0.35021887647848,0.10709042839931,0.0450664575321488,0
"Polygonum",0.00628483544303798,0.102279559493671,0.0607403058823529,0.124206738878768,0.337748717431765,0.0533003137048145,0.121820715789474,0.203636255271954,0.0793922875086656,0.0331457520583459,0.353524755627091,0.259373434527265,0.529445135270857,1.08844770423548,0.160091078947979,0.502987696824452,0.75620945456388,0.347239654450003
"Polypodiales",4.11870714810127,3.10315600145706,0.0567166603854585,14.5266128335189,0.059677507113865,1.01920972286614,8.65211775087719,0.324260116427402,0.0521820189873418,10.1415781214314,8.40207689790428,0.277011013188398,16.0202377666057,0.186821781495053,2.9069513484462,11.4990983228881,1.30375178879423,0.307769240091314
"Populus",0.0635724683544304,0.0326054113924051,0,0.0107811424870275,0.0443230529886125,0.0531246573854135,0.0305986210526316,0.234142262816111,0.004939,0.23329258831604,0.0866615228787352,0,0.0887920674520659,0.136668006137637,0.275308748977148,0.102892528506976,1.01903684810826,0.0328629121196462
"Portulacaceae",0,0,0,0,0,0,0,0,0,0,0,0,0,0,0,0,0,0
"Potentilla",0.0877321481012658,0.331483933102632,0,0.00713343947263634,0.0130225484176613,0.0735579486005996,0.158301901754386,0.0105201802970859,0,0.244698003178489,1.48610130386204,0,0.0373216449984266,0.0919770461308739,0.364475315907095,0.305100602092991,0.0881229358537489,0
"Primulaceae",0.089930346835443,0.0103876569620253,0.0382346426470588,0.00195042025316456,0.0084213915845686,0.00561886162170297,0.0158593210526316,0,0.174249462025316,0.709795580678699,0.0783005596878966,0.241662685629381,0.0173357144055965,0.0524266273246371,0.039834354352968,0.0680466427404939,0,1.41849104178474
"Prosopis",0,0,0.00501907247540654,0,0,0,0,0,0,0,0,0.041388331917463,0,0,0,0,0,0
"Prunus",0.00438585316455696,0.0531735936708861,0,0.00415933007056996,0.00467093278527721,0.0300910647167203,0,0.0433004844794828,0,0.0275260939777422,0.361675091411766,0,0.0369689343130128,0.0415161587057573,0.256627117422802,0,0.363312861350567,0
"Pteridaceae",0,0.00130228734177215,0.00238731911764706,0.425499189892253,0.00938841201716738,0.00550008059762628,0.0605970947368421,0.022168421229715,0.00150156962025316,0,0.01157498308088,0.0196863377682304,3.65188100408925,0.0593654897668348,0.0349514560810742,0.14941141033931,0.142106521126279,0.0133462427159449
"Pterocarya",0,0,0,0,0.00320461464508892,0.0848924779790892,0,0,0,0,0,0,0,0.0284832379981272,0.438370624333438,0,0,0
"Punica",0,0,0,0,0,0,0,0,0,0,0,0,0,0,0,0,0,0
"Pyrus",0,0,0,0,0,0,0,0,0,0,0,0,0,0,0,0,0,0
"Quercus deciduous",0.271805448101266,3.55063033080511,0.830034374891961,2.71050573517693,3.10640144884342,13.1872581043738,0.0489492192982456,6.31666512616637,5.06656256447976,0.674533997074397,5.86107629012918,1.73786255975084,5.29781582757134,6.30199556228763,17.5726230985473,0.134506236588525,10.3015600288532,13.0019134671151
"Quercus evergreen",0,0.0158890455696203,1.31100084371643,0.0552329605535163,2.04455809739126,0.726872776370551,0,15.8862279001059,13.1684045443038,0,0.108095918704867,2.621496989658,0.38394112139416,4.83540978588068,2.97291352325928,0,20.2133668319743,19.8011762146158
"Quercus intermediate",0,0.0267113835443038,0,0,0,0,0,0.0672830215189873,0.0129165594936709,0,0.237415970097257,0,0,0,0,0,0.429884041880793,0.11480489198257
"Ranunculaceae",0.0920227670886076,0.353915505895256,0.0222146176470588,0.901110602300196,0.0614910877246309,0.211912865257043,0.0505499596491228,0.153077492405063,0.0266815620253165,0.228875789866866,0.797855568139023,0.109112794524861,3.09365096590621,0.192878420590908,0.395877152291681,0.191725544134187,0.586812821924052,0.0842829247532797
"Ranunculus",0.051740753164557,0.461548245699358,0.0074063915930536,0.0931839556920943,0.0766708153521613,0.0291982364070693,1.68723825614035,0.291665178481013,0.0467886949367089,0.214209584657556,1.68392043065104,0.0455656008720966,0.479825465219992,0.33588665032611,0.116925576669827,3.91618377999619,2.22105747626434,0.281070555755573
"Resedaceae",0,0,0,0.00916289984107344,0.00458631443771785,0,0,0.00334493852493399,0,0,0,0,0.0507319368372614,0.0407640543813777,0,0,0.0247910919666096,0
"Rhamnaceae",0,0,0,0.142452522809691,0.134407719339677,0,0,0.0507779911392405,0.00723464683544304,0,0,0,0.667321955309085,0.820303287631082,0,0,0.451324657366298,0.0467556731284923
"Rhamnus",0.000653496202531646,0.00793339113924051,0,0,0.00958086455696202,0.0300224193301423,0,0.00877593924050633,0,0.00580840129907871,0.0402720265127882,0,0,0.0622846514306202,0.139182023029713,0,0.0546663488868338,0
"Rhododendron",0.00293014556962025,0.163168965822785,0,0.241838814911467,0,0.0328337258539655,0,0,0,0.0260437034938207,1.16135050747818,0,2.08079561328076,0,0.209120779606954,0,0,0
"Rhus",0,0,0.00688453088235294,0.0264794141415433,0.120820323897006,0,0,0,0.0135733164556962,0,0,0.0417259269300446,0.150796457106925,0.863953013017997,0,0,0,0.0690771989221191
"Ribes",0,0,0.0069944842545094,0,0,0.0146975987341772,0,0,0.0671873746835443,0,0,0.0404790245169476,0,0,0.102969479363645,0,0,0.41817550435325
"Rosaceae",0.640166217721519,0.423849209151722,0.0983665621956859,0.333054073815652,0.246455636460183,0.682035794647137,0.93439120877193,0.661197040421283,0.372978426582278,1.68887056726717,0.776391289086379,0.545588690992381,1.01924316092777,0.549470029363023,1.54557314613814,3.53379367056109,1.23897280373816,2.14350797307481
"Rosmarinus",0,0,0,0,0,0,0,0,0.00410981392405063,0,0,0,0,0,0,0,0,0.0365288251759527
"Rubiaceae",0.0232539746835443,0.199684092767741,0,0.122132711103308,0.144424082221929,0.245689702908397,0.278623887719298,0.150574112086852,0.0917842772151899,0.0794192540747155,0.436772083996532,0,0.442808678269963,0.548751102749504,0.557638562587889,1.19240620664448,0.360670621632356,0.38105957867565
"Rubus",0.156900434177215,0.0760462113924051,0,0,0,0.00457526307762696,0.106645884210526,0,0,0.920566551593779,0.45308344749198,0,0,0,0.0406658277443141,0.258140233366492,0,0
"Ruscus",0,0,0,0,0,0,0,0.0077066835443038,0,0,0,0,0,0,0,0,0.0684985016544989,0
"Rutaceae",0,0,0.0069944842545094,0,0,0,0,0,0,0,0,0.0404790245169476,0,0,0,0,0,0
"Salix",0.601690912658228,0.710345115233035,0.133290471179864,0.662406463094969,0.219060441522806,0.796333724832798,6.13118253333333,0.373519040798664,0.0349899918555986,1.00037340734627,1.39905045121803,0.473590329479142,2.10062321315355,0.584793968179926,3.90172836782069,10.3169540400309,0.946222424295654,0.110291377582287
"Salvia",0,0,0,0.00168776371308016,0,0,0,0,0,0,0,0,0.0150011720123469,0,0,0,0,0
"Sambucus",0.0447318481012658,0.0538559493670886,0,0.00594282997563439,0.104376348296194,0.0445680173441608,0,0.0413154746835443,0,0.195427186573035,0.161752561254306,0,0.0528210282124893,0.760699476346203,0.210711185073266,0,0.217023119499143,0
"Sanguisorba group",0.0108189987341772,0.0427612849398646,0.00501907247540654,0.0965908948033259,0.06445917955605,0.00414241507347624,0.00142705438596491,0.122283882020022,0.00316468055091156,0.0961613641500584,0.34616599600987,0.041388331917463,0.2873677375796,0.198699945133805,0.029675642290425,0.010774024344162,0.571429626683164,0.0197621954214809
"Santalaceae",0,0,0.00859993088235294,0,0,0,0,0.0138508898734177,0.115086794936709,0,0,0.0709168468019049,0,0,0,0,0.0735298789962888,1.01123276958458
"Saxifragaceae",0.0392863430379747,0.0829001139240506,0,0,0.0054561329113924,0.010627598461785,0.693533050877193,0.0925667506329114,0.00278202784810127,0.178548376065678,0.336353665082109,0,0,0.0484951700831698,0.0524132794631449,2.59066376246362,0.380358723473319,0.0247272043883102
"Scrophulariaceae",0.0126919911392405,0.0953033200968901,0.0536620573529412,0.127362304709666,1.00782861178161,0.167803370819723,0.0183538210526316,0.255642672807007,0.182951330379747,0.0652742582296975,0.189882426645902,0.1973508337924,0.469190367973952,8.27002508199631,0.524912367611631,0.0503120757528084,0.570864545545926,0.733693561845973
"Smilax",0,0,0,0,0,0,0,0,0,0,0,0,0,0,0,0,0,0
"Solanaceae",0,0.00733254556962025,0.00899442352941176,0.00277288671371332,0.0259262873417722,0.00252154423758471,0.000242485964912281,0.134051548101266,0.514409387341772,0,0.03151858897793,0.074169916506611,0.0246459562086753,0.129764646800947,0.0224119754155147,0.00183072888796459,0.587830313054839,3.34857325733256
"Sorbus",0.0524117189873418,0.0363224506329114,0,0.00341268803273531,0.00155697759509241,0.0150901438324241,0.048776449122807,0,0,0.192570230310742,0.0947074008084588,0,0.0225491734412078,0.0138387195685858,0.0786243611357064,0.0898910084826483,0,0
"Styrax",0,0,0,0,0,0,0,0.00776721732052148,0,0,0,0,0,0,0,0,0.0488127188225507,0
"Suaeda",0,0,0,0,0,0,0,0,0,0,0,0,0,0,0,0,0,0
"Syringa",0,0,0,0.0515960374243258,0,0,0,0,0,0,0,0,0.458595611790499,0,0,0,0,0
"Tamarix",0,0,0.015441500847563,0.16473908759801,0.165851810234281,0.110018568335721,0,0.106270810126582,0.0528879952063849,0,0,0.0632119246075557,0.660349551463885,1.08546738070507,0.948940624252115,0,0.596067857194876,0.243655244056315
"Taxus",0,0.282034787341772,0,0,0,0.0134331405063291,0.00470344736842105,0.0137229405063291,0,0,2.48168324590199,0,0,0,0.0923739323434897,0.0355102489065889,0.0905973673643722,0
"Teucrium",0,0.00391895569620253,0,0.0126266611951135,0.00127990170354916,0,0,0,0,0,0.0348324401406945,0,0.112228219543743,0.0113760151761984,0,0,0,0
"Thalictrum",0.0482285417721519,0.0183315088607595,0,0.0178219284219329,0.0425201439782743,0.0453868365498122,0.528463680701754,0.00594283037974684,0.018978335443038,0.21723805072025,0.0646166838677494,0,0.0749990567925473,0.226982993870131,0.157524211871985,1.26512968165363,0.0528210318043193,0.106030262472034
"Thymelaeaceae",0,0,0.161198491176471,0.265651211073187,0.0515775314696251,0,0,0.00232687974683544,0.115021872936611,0,0,0.698242221720911,0.974585910667849,0.41670453368194,0,0,0.0206817595755875,0.566058250933673
"Tilia",0.0643755810126582,0.478860203797468,0.00147058823529412,0.310816646214464,0.10984203746611,0.171000112207721,0.0169386807017544,0.00232106329240633,0,0.129010906335044,1.75956270031392,0.0121267812518166,0.839846047831299,0.428230395275523,0.344730968079063,0.0685385338003751,0.0145563923897227,0
"Tofieldia",0,0.00137142278481013,0,0,0,0,0.0282831526315789,0,0,0,0.0121894723397288,0,0,0,0,0.105506204006775,0,0
"Trollius",0.0192255151898734,0.0151820240506329,0,0,0,0,0.19974560877193,0,0,0.106231309422865,0.134332490776754,0,0,0,0,0.583556747729306,0,0
"Ulmus",0.12921059113924,0.391643417721519,0.0488645755264343,0.133268401872487,0.247665147108165,0.141569964287278,0.0717848666666667,0.112896334659255,0.00518673924050633,0.199810155850315,1.54092193509396,0.222340593251594,0.468343487559674,0.87410564203742,0.244775176888258,0.161025789857941,0.23768732377408,0.0272046280881718
"Ulmus/Zelkova",0,0.00701286861390652,0.00310906603656262,0.00423352101943186,0.019538619325044,0.314042801292386,0,0,0,0,0.0623317396634916,0.0256380153315363,0.0376283578905025,0.1154087410232,1.51958534574444,0,0,0
"Urticaceae",0.25588757721519,0.871513763291139,0,0.113495735161905,0.0616277112637161,0.339699510258812,0.368473370175439,0.278101694936709,0.0583869898734177,0.373638956562843,3.86633816847425,0,0.644656991219998,0.215737527047828,1.78838873412257,0.424986472915587,0.667347372217665,0.306545630563153
"Vaccinium",0.187850978481013,0.279635984810127,0,0.00423943071394237,0,0.0418755878193376,0.738639380701754,0,0,0.527984274153248,1.08392642351904,0,0.0265595443543989,0,0.233215770573238,1.14155148880269,0,0
"Valerianaceae",0.00295727088607595,0.00690452038290262,0,0.00968387015046794,0.0025738410591864,0.00987673034942772,0.00738712807017544,0.0390955304648248,0.00303377341772152,0.0208296859114653,0.0363495011787205,0,0.0608298689684512,0.0176394744108965,0.0543740979362703,0.0286001011074996,0.138777307487707,0.0191097478414559
"Verbenaceae",0,0,0,0,0,0,0,0,0,0,0,0,0,0,0,0,0,0
"Viburnum",0.0020616,0.00620506022220198,0,0,0,0.00821595370983525,0,0.00478571898734177,0,0.0183239016107378,0.0262103105140008,0,0,0,0.0401552341437876,0,0.0425364007861324,0
"Violaceae",0.00195785063291139,0.00540949873417722,0,0.0216544099745408,0,0.00153581992818506,0.00343324035087719,0.00714044430379747,0,0.0122618262001751,0.0480806764495897,0,0.0945899921291064,0,0.0136506661116965,0.0259203962256137,0.0513970305328783,0
"Viscum",6.58227848101266e-05,0,0,0,0.122667513234096,0.0042962699045348,0,0.0097936,0,0.000585045708481532,0,0,0,0.623958171685113,0.0220129544152364,0,0.087047420845422,0
"Vitex",0,0,0,0,0,0,0,0,0,0,0,0,0,0,0,0,0,0
"Ziziphus",0,0,0.0261711029411765,0,0,0,0,0,0.0118341189873418,0,0,0.133638069432846,0,0,0,0,0,0.0751420990635505
"Zygophyllaceae",0,0,0.0152129823529412,0,0.010853913013486,0,0,0,0.108993863291139,0,0,0.125449466243668,0,0.0702860377929371,0,0,0,0.405701021369158
